{
  "weights": [
    0,
    0.9078339480712748,
    -0.04089931219372651,
    -0.4648434173412929
  ],
  "bias": -1.9130132017840464,
  "featureMeans": [
    0,
    1.9142857142857128,
    19889.047619047626,
    39271.42857142859
  ],
  "featureStds": [
    1,
    0.9672177645606146,
    8736.54152529073,
    26292.27014519201
  ],
  "featureNames": [
    "daysSinceLastVisit",
    "visitsLast90Days",
    "avgSpend",
    "totalSpend"
  ],
  "trainedAt": "2026-06-25T21:16:08.231Z",
  "trainingSize": 70
}