{
  "weights": [
    0,
    -0.6416607985680789,
    0.034771025920000975,
    -0.09297929820737755
  ],
  "bias": -1.4224291916071483,
  "featureMeans": [
    0,
    3.363104109005957,
    21152.51057933629,
    82775.49499680655
  ],
  "featureStds": [
    1,
    2.079852864369428,
    8363.624840904642,
    64343.875309623036
  ],
  "featureNames": [
    "daysSinceLastVisit",
    "visitsLast90Days",
    "avgSpend",
    "totalSpend"
  ],
  "trainedAt": "2026-06-28T13:59:33.110Z",
  "trainingSize": 9394
}