{
  "weights": [
    0,
    0.3017583220584353,
    -0.5822455381621121
  ],
  "bias": 0.5895671896072816,
  "featureMeans": [
    0,
    59693.951219512186,
    1.9024390243902447
  ],
  "featureStds": [
    1,
    17789.00579893923,
    0.9319499109533071
  ],
  "featureNames": [
    "daysSinceLastService",
    "mileage",
    "serviceCount"
  ],
  "trainedAt": "2026-06-25T21:16:08.330Z",
  "trainingSize": 41
}