{
  "weights": [
    0,
    0.024413087353790913,
    0.2998526617877173
  ],
  "bias": -0.22632142870377295,
  "featureMeans": [
    0,
    57254.78095654077,
    2.6069010701027264
  ],
  "featureStds": [
    1,
    22199.051704646383,
    1.71184878941757
  ],
  "featureNames": [
    "daysSinceLastService",
    "mileage",
    "serviceCount"
  ],
  "trainedAt": "2026-06-28T13:59:54.413Z",
  "trainingSize": 4579
}